<?xml version="1.0" encoding="ISO-8859-1" standalone="no"?>
<!DOCTYPE verwaltungsdaten PUBLIC "-//K2S//DTD Verwaltung//DE" "verwaltungsdaten.dtd">
<verwaltungsdaten>
<konfigurationsverantwortlicher pid="kv.dambach"/>
<konfigurationsbereich pid="kb.kv.bea" verzeichnis="../../kv.bea/konfiguration">
<version nr="1" zeitpunkt="03.03.2007 16:55:16,000"/>
</konfigurationsbereich>
<konfigurationsbereich pid="kb.tmVewProtokolleGlobal" verzeichnis="../../kv.bea/konfiguration">
<version nr="1" zeitpunkt="03.03.2007 16:55:16,000"/>
<version nr="2" zeitpunkt="08.03.2007 15:04:10,906"/>
</konfigurationsbereich>
<konfigurationsbereich pid="kb.kv.bitctrl" verzeichnis="../../kv.bitctrl/konfiguration">
<version nr="1" zeitpunkt="03.03.2007 17:16:23,000"/>
</konfigurationsbereich>
<konfigurationsbereich pid="kb.kv.dambach" verzeichnis="../../kv.dambach/konfiguration">
<version nr="1" zeitpunkt="03.03.2007 17:19:31,000"/>
</konfigurationsbereich>
<konfigurationsbereich pid="kb.kv.inovat" verzeichnis="../../kv.inovat/konfiguration">
<version nr="1" zeitpunkt="03.03.2007 17:58:38,000"/>
</konfigurationsbereich>
<konfigurationsbereich pid="kb.tmEreignisKalenderGlobal" verzeichnis="../../kv.inovat/konfiguration">
<version nr="1" zeitpunkt="03.03.2007 17:58:38,000"/>
<version nr="2" zeitpunkt="05.03.2007 20:54:15,698"/>
<version nr="3" zeitpunkt="08.03.2007 17:04:58,888"/>
<version nr="4" zeitpunkt="16.03.2007 18:04:47,560"/>
<version nr="5" zeitpunkt="20.03.2007 22:41:27,023"/>
<version nr="7" zeitpunkt="14.06.2007 16:44:03,407"/>
<version nr="8" zeitpunkt="21.11.2007 19:21:59,729"/>
<version nr="9" zeitpunkt="21.01.2008 11:46:43,483"/>
<version nr="10" zeitpunkt="25.02.2008 19:21:24,589"/>
</konfigurationsbereich>
<konfigurationsbereich pid="kb.tmGanglinienGlobal" verzeichnis="../../kv.inovat/konfiguration">
<version nr="1" zeitpunkt="03.03.2007 17:58:38,000"/>
<version nr="2" zeitpunkt="05.03.2007 20:54:15,698"/>
<version nr="3" zeitpunkt="08.03.2007 17:04:58,888"/>
<version nr="4" zeitpunkt="16.03.2007 18:04:47,560"/>
<version nr="5" zeitpunkt="20.03.2007 22:41:27,023"/>
<version nr="7" zeitpunkt="14.06.2007 16:44:03,408"/>
<version nr="8" zeitpunkt="21.11.2007 19:21:59,730"/>
<version nr="9" zeitpunkt="25.02.2008 19:21:24,590"/>
<version nr="10" zeitpunkt="28.04.2008 19:17:16,523"/>
</konfigurationsbereich>
<konfigurationsbereich pid="kb.tmGeoReferenzierungGlobal" verzeichnis="../../kv.inovat/konfiguration">
<version nr="1" zeitpunkt="03.03.2007 17:58:38,000"/>
<version nr="2" zeitpunkt="17.04.2007 16:01:31,791"/>
</konfigurationsbereich>
<konfigurationsbereich pid="kb.tmKExTlsGlobal" verzeichnis="../../kv.inovat/konfiguration">
<version nr="1" zeitpunkt="03.03.2007 17:58:38,000"/>
<version nr="2" zeitpunkt="05.03.2007 20:54:15,698"/>
<version nr="3" zeitpunkt="16.03.2007 18:04:47,560"/>
<version nr="4" zeitpunkt="04.07.2007 13:49:57,090"/>
<version nr="5" zeitpunkt="25.02.2008 19:21:24,591"/>
</konfigurationsbereich>
<konfigurationsbereich pid="kb.tmSystemKalenderGlobal" verzeichnis="../../kv.inovat/konfiguration">
<version nr="1" zeitpunkt="03.03.2007 17:58:38,000"/>
<version nr="2" zeitpunkt="08.03.2007 17:04:58,888"/>
<version nr="3" zeitpunkt="16.03.2007 18:04:47,560"/>
<version nr="4" zeitpunkt="20.03.2007 22:41:27,023"/>
<version nr="5" zeitpunkt="14.06.2007 16:44:03,409"/>
<version nr="6" zeitpunkt="25.02.2008 19:21:24,591"/>
</konfigurationsbereich>
<konfigurationsbereich pid="kb.tmTmcGlobal" verzeichnis="../../kv.inovat/konfiguration">
<version nr="1" zeitpunkt="03.03.2007 17:58:38,000"/>
<version nr="2" zeitpunkt="08.03.2007 17:04:58,888"/>
<version nr="3" zeitpunkt="20.03.2007 22:41:27,033"/>
<version nr="4" zeitpunkt="04.07.2007 13:49:57,091"/>
</konfigurationsbereich>
<konfigurationsbereich pid="kb.tmUmfeldDatenGlobal" verzeichnis="../../kv.inovat/konfiguration">
<version nr="1" zeitpunkt="03.03.2007 17:58:38,000"/>
<version nr="2" zeitpunkt="08.03.2007 17:04:58,908"/>
<version nr="4" zeitpunkt="15.03.2007 09:46:01,945"/>
<version nr="5" zeitpunkt="16.03.2007 18:04:47,560"/>
<version nr="6" zeitpunkt="18.03.2007 16:26:08,806"/>
<version nr="7" zeitpunkt="18.03.2007 17:58:23,434"/>
<version nr="8" zeitpunkt="20.03.2007 22:41:27,033"/>
<version nr="13" zeitpunkt="14.06.2007 16:44:03,409"/>
<version nr="14" zeitpunkt="04.07.2007 13:49:57,092"/>
<version nr="15" zeitpunkt="21.11.2007 19:21:59,732"/>
<version nr="17" zeitpunkt="21.01.2008 11:46:43,485"/>
<version nr="18" zeitpunkt="25.02.2008 19:21:24,592"/>
<version nr="19" zeitpunkt="28.04.2008 19:17:16,524"/>
</konfigurationsbereich>
<konfigurationsbereich pid="kb.tmVerkehrGlobal" verzeichnis="../../kv.inovat/konfiguration">
<version nr="1" zeitpunkt="03.03.2007 17:58:38,000"/>
<version nr="2" zeitpunkt="05.03.2007 20:54:15,698"/>
<version nr="3" zeitpunkt="16.03.2007 18:04:47,560"/>
<version nr="4" zeitpunkt="18.03.2007 17:58:23,434"/>
<version nr="5" zeitpunkt="19.03.2007 07:19:16,161"/>
<version nr="6" zeitpunkt="20.03.2007 07:58:52,477"/>
<version nr="7" zeitpunkt="20.03.2007 08:15:50,141"/>
<version nr="8" zeitpunkt="20.03.2007 09:45:45,509"/>
<version nr="10" zeitpunkt="20.03.2007 22:41:27,033"/>
<version nr="14" zeitpunkt="14.06.2007 16:44:03,410"/>
<version nr="17" zeitpunkt="21.11.2007 19:21:59,732"/>
<version nr="19" zeitpunkt="07.01.2008 11:19:44,752"/>
<version nr="23" zeitpunkt="21.01.2008 11:46:43,486"/>
<version nr="25" zeitpunkt="25.02.2008 19:21:24,593"/>
<version nr="26" zeitpunkt="28.04.2008 19:17:16,525"/>
</konfigurationsbereich>
<konfigurationsbereich pid="kb.kv.kappich" verzeichnis="../../kv.kappich/konfiguration">
<version nr="1" zeitpunkt="03.03.2007 17:49:11,000"/>
</konfigurationsbereich>
<konfigurationsbereich pid="kb.fachModellGlobal" verzeichnis="../../kv.kappich/konfiguration">
<version nr="1" zeitpunkt="03.03.2007 17:49:11,000"/>
<version nr="2" zeitpunkt="08.03.2007 11:14:27,584"/>
<version nr="3" zeitpunkt="10.03.2007 11:04:05,600"/>
<version nr="4" zeitpunkt="14.03.2007 15:16:33,593"/>
<version nr="5" zeitpunkt="17.03.2007 09:51:02,416"/>
<version nr="6" zeitpunkt="18.03.2007 18:07:38,072"/>
<version nr="7" zeitpunkt="20.03.2007 09:31:12,113"/>
</konfigurationsbereich>
<konfigurationsbereich pid="kb.ilse" verzeichnis="../../kv.kappich/konfiguration">
<version nr="1" zeitpunkt="03.03.2007 17:49:11,000"/>
<version nr="2" zeitpunkt="10.03.2007 11:24:45,573"/>
<version nr="3" zeitpunkt="17.03.2007 09:51:02,416"/>
<version nr="4" zeitpunkt="21.11.2007 19:21:59,733"/>
<version nr="5" zeitpunkt="07.02.2008 13:49:49,989"/>
</konfigurationsbereich>
<konfigurationsbereich pid="kb.metaModellGlobal" verzeichnis="../../kv.kappich/konfiguration">
<version nr="1" zeitpunkt="03.03.2007 17:49:11,000"/>
<version nr="2" zeitpunkt="14.03.2007 15:49:53,479"/>
<version nr="3" zeitpunkt="14.03.2007 16:07:42,817"/>
<version nr="4" zeitpunkt="15.03.2007 09:33:04,116"/>
<version nr="6" zeitpunkt="14.06.2007 16:44:03,411"/>
<version nr="7" zeitpunkt="04.07.2007 13:49:57,093"/>
<version nr="9" zeitpunkt="21.11.2007 19:21:59,734"/>
<version nr="11" zeitpunkt="28.04.2008 19:17:16,527"/>
</konfigurationsbereich>
<konfigurationsbereich pid="kb.systemModellAoe" verzeichnis="../../kv.kappich/konfiguration">
<version nr="1" zeitpunkt="03.03.2007 17:49:11,000"/>
<version nr="2" zeitpunkt="14.06.2007 16:44:03,413"/>
<version nr="3" zeitpunkt="07.02.2008 13:49:49,990"/>
</konfigurationsbereich>
<konfigurationsbereich pid="kb.systemModellGlobal" verzeichnis="../../kv.kappich/konfiguration">
<version nr="1" zeitpunkt="03.03.2007 17:49:11,000"/>
<version nr="2" zeitpunkt="14.03.2007 15:49:53,479"/>
<version nr="3" zeitpunkt="17.03.2007 09:51:02,416"/>
<version nr="4" zeitpunkt="17.04.2007 16:01:31,791"/>
<version nr="10" zeitpunkt="14.06.2007 16:44:03,413"/>
<version nr="12" zeitpunkt="04.07.2007 13:49:57,095"/>
<version nr="15" zeitpunkt="21.11.2007 19:21:59,735"/>
<version nr="17" zeitpunkt="21.01.2008 11:46:43,488"/>
<version nr="18" zeitpunkt="28.04.2008 19:17:16,528"/>
</konfigurationsbereich>
<konfigurationsbereich pid="kb.tmBuVGlobal" verzeichnis="../../kv.kappich/konfiguration">
<version nr="1" zeitpunkt="03.03.2007 17:49:11,000"/>
<version nr="2" zeitpunkt="10.03.2007 11:55:06,822"/>
<version nr="3" zeitpunkt="17.03.2007 09:51:02,426"/>
<version nr="4" zeitpunkt="21.11.2007 19:21:59,736"/>
</konfigurationsbereich>
<konfigurationsbereich pid="kb.tmIlseTls" verzeichnis="../../kv.kappich/konfiguration">
<version nr="1" zeitpunkt="03.03.2007 17:49:11,000"/>
<version nr="2" zeitpunkt="10.03.2007 11:24:45,583"/>
<version nr="3" zeitpunkt="17.03.2007 09:51:02,426"/>
<version nr="4" zeitpunkt="21.11.2007 19:21:59,737"/>
</konfigurationsbereich>
<konfigurationsbereich pid="kb.tmVewBetriebGlobal" verzeichnis="../../kv.kappich/konfiguration">
<version nr="1" zeitpunkt="03.03.2007 17:49:11,000"/>
<version nr="2" zeitpunkt="10.03.2007 11:55:06,832"/>
<version nr="3" zeitpunkt="28.04.2008 19:16:23,289"/>
<version nr="4" zeitpunkt="28.04.2008 19:17:16,529"/>
</konfigurationsbereich>
<konfigurationsbereich pid="kb.tmVewSimulationGlobal" verzeichnis="../../kv.kappich/konfiguration">
<version nr="1" zeitpunkt="03.03.2007 17:49:11,000"/>
<version nr="2" zeitpunkt="14.03.2007 15:33:14,843"/>
<version nr="3" zeitpunkt="17.03.2007 09:51:02,426"/>
<version nr="4" zeitpunkt="14.06.2007 16:44:03,414"/>
<version nr="5" zeitpunkt="21.11.2007 19:21:59,738"/>
<version nr="6" zeitpunkt="28.04.2008 19:17:16,530"/>
</konfigurationsbereich>
<konfigurationsbereich pid="kb.kv.logos" verzeichnis="../../kv.logos/konfiguration">
<version nr="1" zeitpunkt="17.04.2007 16:01:31,791"/>
</konfigurationsbereich>
<konfigurationsbereich pid="kb.tmLangZeitVerkehrsDaten" verzeichnis="../../kv.logos/konfiguration">
<version nr="3" zeitpunkt="17.04.2007 16:01:31,791"/>
</konfigurationsbereich>
<konfigurationsbereich pid="kb.kv.ptv" verzeichnis="../../kv.ptv/konfiguration">
<version nr="1" zeitpunkt="17.04.2007 16:20:50,230"/>
</konfigurationsbereich>
<konfigurationsbereich pid="kb.tmGeraeteEinbauOrte" verzeichnis="../../kv.ptv/konfiguration">
<version nr="1" zeitpunkt="20.04.2007 15:58:22,085"/>
<version nr="2" zeitpunkt="14.06.2007 16:44:03,415"/>
</konfigurationsbereich>
<konfigurationsbereich pid="kb.tmAnzeigenGlobal" verzeichnis="">
<version nr="5" zeitpunkt="14.06.2007 16:44:03,415"/>
<version nr="6" zeitpunkt="14.06.2007 20:35:34,601"/>
<version nr="7" zeitpunkt="19.06.2007 18:45:48,881"/>
<version nr="8" zeitpunkt="04.07.2007 13:49:57,096"/>
<version nr="9" zeitpunkt="05.08.2007 17:13:56,026"/>
<version nr="10" zeitpunkt="11.09.2007 13:01:54,605"/>
</konfigurationsbereich>
<konfigurationsbereich pid="kb.tmAnzeigenGlobalZwischenschicht" verzeichnis="">
<version nr="2" zeitpunkt="14.06.2007 16:44:03,415"/>
<version nr="3" zeitpunkt="14.06.2007 20:35:34,601"/>
<version nr="4" zeitpunkt="16.06.2007 17:01:29,976"/>
</konfigurationsbereich>
<konfigurationsbereich pid="kb.tmAnzeigenGlobalZwischenschichtTls" verzeichnis="">
<version nr="2" zeitpunkt="14.06.2007 16:44:03,416"/>
<version nr="3" zeitpunkt="15.06.2007 14:11:09,576"/>
<version nr="4" zeitpunkt="15.06.2007 15:03:17,208"/>
<version nr="5" zeitpunkt="19.06.2007 14:05:47,136"/>
</konfigurationsbereich>
<konfigurationsbereich pid="kb.tmDarstellungAnzeigeQuerschnitt" verzeichnis="">
<version nr="1" zeitpunkt="14.06.2007 20:35:34,602"/>
<version nr="2" zeitpunkt="15.06.2007 10:42:59,242"/>
<version nr="3" zeitpunkt="15.06.2007 11:14:16,293"/>
</konfigurationsbereich>
<konfigurationsbereich pid="kb.tmNbaGlobal" verzeichnis="">
<version nr="1" zeitpunkt="07.11.2007 17:09:06,903"/>
<version nr="2" zeitpunkt="08.11.2007 16:33:57,194"/>
<version nr="3" zeitpunkt="12.11.2007 09:53:09,959"/>
<version nr="4" zeitpunkt="12.11.2007 13:23:11,371"/>
<version nr="5" zeitpunkt="12.11.2007 18:47:27,695"/>
<version nr="6" zeitpunkt="13.11.2007 14:02:51,086"/>
<version nr="7" zeitpunkt="17.11.2007 17:07:08,784"/>
<version nr="8" zeitpunkt="21.11.2007 19:21:59,739"/>
<version nr="9" zeitpunkt="07.01.2008 11:19:44,756"/>
<version nr="10" zeitpunkt="07.01.2008 16:27:48,324"/>
<version nr="11" zeitpunkt="29.01.2008 19:24:53,571"/>
<version nr="12" zeitpunkt="30.01.2008 12:56:04,791"/>
<version nr="13" zeitpunkt="30.01.2008 13:56:53,736"/>
<version nr="14" zeitpunkt="30.01.2008 14:57:21,757"/>
<version nr="15" zeitpunkt="30.01.2008 15:00:52,919"/>
<version nr="16" zeitpunkt="25.02.2008 19:21:24,598"/>
<version nr="17" zeitpunkt="28.04.2008 19:17:16,532"/>
</konfigurationsbereich>
<konfigurationsbereich pid="kb.tmUsv" verzeichnis="">
<version nr="1" zeitpunkt="09.01.2008 11:55:23,030"/>
</konfigurationsbereich>
<konfigurationsbereich pid="kb.tmRechner" verzeichnis="">
<version nr="1" zeitpunkt="09.01.2008 11:55:23,031"/>
<version nr="2" zeitpunkt="21.01.2008 11:46:43,490"/>
<version nr="3" zeitpunkt="04.02.2008 10:24:09,617"/>
<version nr="4" zeitpunkt="07.02.2008 16:21:27,714"/>
</konfigurationsbereich>
<konfigurationsbereich pid="kb.tmVewEngstellenGlobal" verzeichnis="">
<version nr="1" zeitpunkt="12.03.2008 09:20:02,503"/>
<version nr="2" zeitpunkt="12.03.2008 10:12:19,371"/>
</konfigurationsbereich>
</verwaltungsdaten>
